Year,Country,Medals,Athletes,avg_years_of_schooling,GDP_per_capita_USD,Life Expectancy at Birth,Population
1992,United States,108,545,12.5,25418.99078,75.7776,255175339
1992,Germany,82,463,9.1,26438.23039,76.0187,80205030
1992,Spain,22,422,6.7,16112.18892,77.5904,39202251
1992,United Kingdom,20,371,9.3,20487.17079,76.3063,57509240
1992,France,29,339,7.8,23813.71225,77.2958,56864048
1992,Italy,19,304,7.5,23243.47453,77.3642,56833185
1992,Canada,18,295,10.4,20879.84833,77.8501,28347641
1992,Australia,27,279,11.8,18604.18827,77.4765,17462504
1992,Japan,22,256,9.8,31414.98464,79.2918,124444693
1992,China,54,244,5.2,366.4606923,68.7345,1183813389
1992,South Korea,29,226,9.4,8126.67039,72.9564,44703709
1992,Hungary,30,217,9.3,3735.10582,69.1671,10370060
1992,Netherlands,15,201,10.3,23904.03742,77.3595,15150685
1992,Poland,19,201,10.1,2459.020685,70.9072,38252276
1992,Sweden,12,187,10.7,32800.98269,78.0709,8640272
1992,Brazil,3,182,4.1,2127.50719,66.7082,100182045
1992,Cuba,31,176,8.8,2057.103595,74.1615,10783748
1992,Romania,18,173,9.2,1102.103785,69.4055,22800963
1992,Bulgaria,16,138,9.0,1211.980878,71.215,8668540
1992,New Zealand,10,134,11.6,11793.13924,76.1899,3532563
1992,Denmark,6,110,9.3,29569.66036,75.2672,5175469
1992,Austria,2,102,8.7,24880.16412,75.9931,7840816
1992,Mexico,1,102,5.9,4170.623383,70.6161,84993164
1992,Switzerland,1,102,9.7,40747.92546,77.9437,6873179
1992,South Africa,2,93,7.2,3800.02458,63.3414,41760755
1992,Portugal,0,90,6.3,10810.56651,74.8701,9978744
1992,Finland,5,88,7.9,22319.05946,75.6469,5042121
1992,Argentina,1,84,8.0,6823.538837,72.4295,33568285
1992,Norway,7,83,11.6,30523.98506,77.2461,4286557
1992,Egypt,0,75,3.7,713.4525483,65.0305,59989142
1992,Greece,2,70,8.0,11176.45842,77.282,10478388
1992,Belgium,3,68,9.5,23372.61917,76.3554,10016455
1992,Ireland,2,58,10.0,15714.38475,75.4278,3528367
1992,India,0,52,3.2,316.9539272,59.4524,907574049
1992,Colombia,1,49,5.7,1697.112936,69.0381,33939039
1992,Kenya,8,49,4.0,324.1373782,57.2589,24655723
1992,Thailand,1,46,4.7,1927.882603,70.8853,56939020
1992,Morocco,3,44,2.4,1299.421265,63.4015,25400676
1992,Indonesia,5,42,3.7,681.9383856,64.1264,188558416
1992,Turkey,6,41,4.6,2842.369978,68.4861,56302037
1992,Hong Kong,0,38,8.6,17976.42938,78.0148,6007685
1992,Jamaica,4,36,6.1,1436.567481,72.1885,2434574
1992,Algeria,2,35,4.0,1776.028278,67.7571,26748303
1992,Ghana,1,34,5.2,409.7463898,56.2313,16241548
1992,Mongolia,2,33,7.7,587.3032317,59.6413,2236494
1992,Dominican Republic,0,32,5.3,1566.529623,68.0842,7427340
1992,Qatar,1,28,5.6,15434.21009,74.1222,471293
1992,Iceland,0,27,8.6,27124.27454,78.6183,261262
1992,Pakistan,1,27,2.5,429.1469022,60.1158,122375179
1992,Paraguay,0,27,5.9,1610.212247,68.3952,4277051
1992,Malaysia,1,26,6.9,3113.645677,71.5257,18526708
1992,Philippines,1,26,6.8,929.2862821,67.0877,64543525
1992,Venezuela,0,26,5.0,2938.160197,71.806,20700461
1992,Senegal,0,20,2.1,972.4318336,57.1124,7974514
1992,Zimbabwe,0,19,4.9,619.3720826,56.4354,10641501
1992,Fiji,0,18,8.9,2058.379603,65.8269,786859
1992,Barbados,0,17,8.3,7444.178173,72.9152,260212
1992,Cyprus,0,17,8.9,11310.07227,74.1774,810431
1992,Democratic Republic of the Congo,0,17,2.5,220.3680073,49.2436,38332302
1992,Costa Rica,0,16,7.1,2605.805225,76.6269,3321939
1992,Peru,1,16,6.9,1566.011279,66.1489,23047248
1992,Uruguay,0,16,7.2,4082.538363,73.4412,3153732
1992,Central African Republic,0,15,2.2,477.1223243,48.7932,2991727
1992,Guatemala,0,14,3.3,1093.962908,62.9135,9576630
1992,Singapore,0,14,6.4,16135.91365,75.6009,3228231
1992,Bolivia,0,13,6.7,788.15232,57.6287,7394419
1992,Ecuador,0,13,6.7,1688.504752,70.1172,10914222
1992,Ivory Coast,0,13,2.2,870.4807017,52.1382,12838314
1992,Mauritius,0,13,5.9,2973.206977,70.2878,1118714
1992,Papua New Guinea,0,13,2.6,905.249168,60.2184,4136644
1992,Tunisia,0,13,3.7,1799.111582,70.7015,8802540
1992,United Arab Emirates,0,13,6.2,26420.85988,72.3062,2116231
1992,Chile,0,12,8.2,3350.214089,74.1354,13782297
1992,Sierra Leone,0,11,1.7,156.4031039,43.6214,4301566
1992,Sri Lanka,0,11,8.6,547.0545344,72.5298,17624457
1992,Bahrain,0,10,6.5,9082.827988,72.953,554470
1992,Belize,0,10,8.6,2668.531422,69.9793,190299
1992,Honduras,0,10,3.6,942.6129447,65.9909,5344774
1992,Rwanda,0,10,1.8,302.7386376,44.3189,7657208
1992,Saudi Arabia,0,9,5.8,7932.093233,69.9254,17281350
1992,Tanzania,0,9,3.8,175.558075,50.9888,27580723
1992,Zambia,0,9,5.2,376.498819,46.5119,8074337
1992,Cameroon,0,8,3.7,965.7807389,54.4809,12128604
1992,Guinea,0,8,1.2,489.0716041,48.3626,6832195
1992,Iraq,0,8,3.6,30.08638701,66.7077,18385673
1992,Nicaragua,0,8,4.3,410.7673844,64.2657,4427172
1992,Syria,0,8,4.2,2510.477755,70.2625,13156406
1992,Uganda,0,8,3.0,153.9440238,46.3684,18801966
1992,Albania,0,7,7.8,200.8522198,73.7148,3303739
1992,Congo,0,7,4.7,1178.027107,54.663,2520958
1992,Haiti,0,7,2.9,308.3713974,53.842,7205780
1992,Liechtenstein,0,7,9.2,55197.54701,77.2209,29581
1992,Maldives,0,7,3.8,1205.712591,65.0067,239136
1992,Trinidad and Tobago,0,7,8.2,4398.495123,68.3914,1285502
1992,Vietnam,0,7,4.2,139.2001228,69.9579,69788747
1992,Bangladesh,0,6,3.0,293.6449876,57.6352,111272102
1992,Benin,0,6,1.8,317.962736,54.089,5457778
1992,Botswana,0,6,6.0,3040.989396,58.3482,1420695
1992,Guyana,0,6,7.0,499.0317093,62.787,744998
1992,Lesotho,0,6,4.5,466.2747021,58.555,1858507
1992,Luxembourg,0,6,9.0,39570.86157,75.3879,391516
1992,Malta,0,6,7.4,8220.245518,75.3819,371880
1992,Mauritania,0,6,2.4,1010.103031,60.2614,2147527
1992,Mozambique,0,6,1.1,191.2178344,44.9492,13816881
1992,Namibia,2,6,5.6,2260.810359,61.5449,1461687
1992,Sudan,0,6,1.7,260.5103455,45.8909,21780059
1992,Eswatini,0,6,4.3,1481.861181,61.7346,925165
1992,Togo,0,6,3.2,429.042361,54.2992,4106219
1992,Gabon,0,5,4.7,5578.038555,60.5447,1037446
1992,Libya,0,5,4.2,7284.917153,70.2324,4444820
1992,Mali,0,5,0.8,319.8380288,47.4957,9310572
1992,Panama,0,5,7.6,3122.087316,71.4617,2554382
1992,Tonga,0,5,8.6,1436.783691,67.6864,99260
1992,El Salvador,0,4,3.9,1073.310253,64.6574,5552206
1992,Jordan,0,4,6.8,1335.287511,70.3163,3866887
1992,Malawi,0,4,2.6,185.7858674,43.4126,10115420
1992,Myanmar,0,4,2.5,52.26378444,57.2511,41237813
1992,Niger,0,3,0.8,395.2751628,42.9473,8907644
1992,Nepal,0,2,2.1,170.5866512,56.7101,20702133
1996,Albania,0,7,8.2,1009.977275,74.5923,3271331
1996,Algeria,3,45,5.0,1603.940302,68.7493,28984634
1996,Argentina,3,179,8.5,7721.354105,73.3066,35389362
1996,Armenia,2,32,10.5,504.0598426,69.7828,3298898
1996,Australia,41,417,11.8,21904.29412,78.3492,18211845
1996,Austria,3,72,8.9,29809.07677,77.0268,7958041
1996,Azerbaijan,1,23,10.3,409.1631891,62.6217,7949101
1996,Bahrain,0,5,7.4,10544.79468,74.3554,632756
1996,Bangladesh,0,4,3.5,394.7174919,59.4925,119876868
1996,Barbados,0,13,8.6,8851.046458,73.5458,262793
1996,Belarus,15,157,8.6,1452.507105,68.9011,10436459
1996,Belgium,6,61,9.8,27489.55518,77.1825,10123229
1996,Belize,0,5,9.3,3003.182627,69.8058,209840
1996,Benin,0,5,2.2,387.4320982,55.5578,6203860
1996,Bolivia,0,8,7.2,950.8563811,60.0837,7989367
1996,Botswana,0,7,6.9,3221.689056,54.3573,1582169
1996,Brazil,15,221,4.8,5166.163933,68.409,110956183
1996,Bulgaria,15,110,9.3,1470.103703,70.8738,8401376
1996,Burundi,1,7,1.6,143.4023238,44.3734,5930507
1996,Cambodia,0,5,3.0,319.2863136,56.3458,11182612
1996,Cameroon,0,15,4.3,794.0511616,52.8198,13575324
1996,Canada,22,303,10.7,21227.34753,78.271,29593849
1996,Central African Republic,0,5,2.5,304.6310755,46.8311,3363570
1996,Chile,0,21,8.5,5386.467985,74.8988,14615483
1996,China,50,294,5.8,709.4137551,70.2659,1228298836
1996,Colombia,0,48,6.2,2620.538762,70.1885,36632573
1996,Congo,0,5,5.2,912.0122972,53.4908,2816595
1996,Costa Rica,1,11,7.5,3215.105687,76.8042,3656234
1996,Croatia,2,84,7.8,5283.005005,73.9103,4758628
1996,Cuba,25,164,9.3,2286.929054,74.9026,10963031
1996,Cyprus,0,17,9.4,15139.22656,75.5217,880058
1996,Czechia,11,115,9.6,6532.837055,73.8348,10295651
1996,Denmark,6,119,10.1,35650.71409,75.6623,5256007
1996,Djibouti,0,5,2.8,767.5062771,56.1862,644649
1996,Dominican Republic,0,16,6.0,2293.754381,69.0969,8012314
1996,Ecuador,1,19,6.9,2155.51815,71.362,11775221
1996,Egypt,0,29,4.2,1063.333044,66.7418,65565195
1996,El Salvador,0,8,4.4,1684.784505,67.0758,5797140
1996,Estonia,0,43,10.7,3380.926302,70.1448,1434670
1996,Fiji,0,17,9.8,2713.827761,66.4078,796538
1996,Finland,4,76,8.8,25783.45049,76.8696,5124718
1996,France,37,299,9.0,26871.83127,78.0613,57623178
1996,Gabon,0,7,5.4,5116.196625,60.6118,1150601
1996,Germany,65,465,9.8,30485.86655,76.7922,81300865
1996,Ghana,0,35,5.8,397.135755,56.8201,17844010
1996,United Kingdom,15,300,11.4,24438.53117,76.8748,58078586
1996,Greece,8,121,8.3,13749.11511,77.9568,10803806
1996,Guatemala,0,26,3.5,1487.607658,64.8632,10632293
1996,Guinea,0,5,1.4,518.3656626,50.544,7683115
1996,Guyana,0,7,7.3,927.1885834,63.2051,753571
1996,Haiti,0,7,3.3,368.6318638,56.1543,7770593
1996,Honduras,0,7,3.9,887.6926123,67.4389,5976550
1996,Hong Kong,1,23,8.8,24818.15455,79.4717,6333444
1996,Hungary,21,213,10.3,4525.039103,70.5973,10308267
1996,Iceland,0,9,9.0,27614.87703,78.6165,269137
1996,India,1,49,3.7,399.9500747,60.9841,983281218
1996,Indonesia,4,40,4.7,1137.410101,65.355,201373791
1996,Iran,3,18,5.5,1932.805016,68.0696,61598378
1996,Iraq,0,3,4.3,502.028676,66.3907,21639332
1996,Ireland,4,78,10.5,20835.89771,75.83,3606728
1996,Israel,1,25,11.7,19357.10935,78.2791,5612494
1996,Italy,35,340,8.1,23081.60468,78.4367,56898973
1996,Ivory Coast,0,11,2.6,1232.253656,51.5205,14810946
1996,Jamaica,6,45,6.7,2889.781119,71.4877,2532894
1996,Japan,14,306,10.3,39150.03963,80.3493,125726223
1996,Jordan,0,5,9.3,1463.887967,71.0643,4608676
1996,Kazakhstan,11,96,9.5,1350.30567,63.6327,16144247
1996,Kenya,8,52,4.7,421.3391971,55.1612,27615736
1996,South Korea,27,303,10.1,13403.04959,74.2757,45660168
1996,Kuwait,0,25,5.9,19358.37054,75.6184,1703318
1996,Kyrgyzstan,0,33,9.2,394.8601215,64.276,4666585
1996,Latvia,1,47,9.0,2431.709,68.9333,2534287
1996,Lesotho,0,9,4.7,489.1310607,55.2321,1955098
1996,Libya,0,5,4.9,5536.866066,71.2843,4820066
1996,Liechtenstein,0,2,9.5,79863.27908,76.8357,31337
1996,Lithuania,1,61,10.0,2327.434857,70.2314,3722022
1996,Luxembourg,0,6,9.5,50444.35912,76.597,413202
1996,Malawi,0,2,2.8,227.5849064,43.4408,10310528
1996,Malaysia,2,35,7.8,4798.61177,72.3266,20689051
1996,Maldives,0,6,3.4,1737.733635,68.7023,263841
1996,Mali,0,3,1.0,282.6328692,47.7916,10131906
1996,Malta,0,7,7.6,10062.73358,76.1885,385269
1996,Mauritania,0,4,2.7,898.5131619,60.0633,2428816
1996,Mauritius,0,26,6.2,3899.435192,70.4176,1172542
1996,Mexico,1,98,6.5,4412.116298,72.0369,91586555
1996,Moldova,2,40,8.7,575.319576,64.2414,4430195
1996,Mongolia,1,16,7.9,580.9100918,60.305,2357033
1996,Morocco,2,34,2.9,1561.129639,65.2381,26999093
1996,Mozambique,1,3,1.7,241.6473879,46.6362,16079553
1996,Myanmar,0,3,2.8,129.5689382,58.9408,43423369
1996,Namibia,2,8,5.6,2398.257439,56.9178,1650066
1996,Nepal,0,6,2.3,204.6857552,59.981,22783969
1996,Netherlands,19,239,10.6,29006.80945,77.5498,15538616
1996,New Zealand,6,95,11.6,18794.43604,76.8094,3728457
1996,Nicaragua,0,26,4.7,908.6338479,66.0519,4812391
1996,Niger,0,3,0.9,244.813779,46.6763,10149937
1996,Norway,7,97,11.8,37321.9742,78.2332,4381510
1996,Pakistan,0,24,2.9,497.2161314,60.3982,137234810
1996,Panama,0,7,8.1,3529.852222,72.6753,2771606
1996,Papua New Guinea,0,11,3.0,970.0904769,61.1049,4785895
1996,Paraguay,0,7,6.1,2002.68346,69.2017,4711655
1996,Peru,0,29,7.4,2232.075816,68.1474,24907304
1996,Philippines,1,12,7.2,1325.571064,68.6139,70944969
1996,Poland,17,165,10.6,4147.465501,72.2472,38401408
1996,Portugal,2,107,6.5,12185.0914,75.4763,10087645
1996,Qatar,0,12,6.3,17337.42187,74.6847,529265
1996,Romania,20,165,9.6,1633.010644,68.9817,22417869
1996,Russia,63,390,10.3,2643.929199,65.4217,148233411
1996,Rwanda,0,4,2.0,229.8867674,40.6979,6715510
1996,Saudi Arabia,0,29,6.3,8335.804742,71.2731,19410280
1996,Senegal,0,11,2.0,735.9819092,56.6719,8843423
1996,Sierra Leone,0,14,2.0,218.3668902,43.6799,4347370
1996,Singapore,0,14,7.6,26233.6289,76.5357,3651903
1996,Slovakia,3,71,11.2,5196.94038,72.7398,5358289
1996,Slovenia,2,37,11.3,10815.11105,75.0773,1990667
1996,South Africa,5,84,8.3,3864.415112,61.4593,44661603
1996,Spain,17,289,7.9,16109.0844,78.3417,39996473
1996,Sri Lanka,0,9,9.3,756.6569905,72.2615,18322506
1996,Sudan,0,4,2.1,300.5649414,52.2756,23862258
1996,Eswatini,0,6,4.2,1695.134775,53.8727,973587
1996,Sweden,8,177,11.0,32998.96816,79.0435,8785494
1996,Switzerland,7,115,10.1,48144.57913,79.0489,7069691
1996,Syria,1,7,4.5,4171.456097,70.3465,14708879
1996,Tajikistan,0,8,10.6,178.3612515,59.1285,6035600
1996,Tanzania,0,7,4.1,219.5502167,50.7443,31140733
1996,Thailand,2,37,5.2,3043.980314,71.6525,60211096
1996,Togo,0,5,3.6,336.9770039,54.0981,4445883
1996,Tonga,1,5,9.1,2307.130962,68.3229,100195
1996,Trinidad and Tobago,2,12,8.7,4579.978105,69.0086,1313434
1996,Tunisia,1,51,4.3,2113.587432,72.3796,9430550
1996,Turkey,6,53,5.0,3053.947231,70.1414,60293786
1996,Uganda,1,10,3.5,287.3882907,46.6701,21249572
1996,Ukraine,23,231,10.2,872.6987305,67.1484,50616105
1996,United Arab Emirates,0,4,7.3,28975.07996,72.7674,2572735
1996,United States,101,646,12.7,29967.71272,76.1753,268984347
1996,Uruguay,0,14,7.5,6317.561877,74.0876,3226633
1996,Venezuela,0,39,5.7,3151.269278,72.1108,22572110
1996,Vietnam,0,6,4.8,324.1472239,71.5098,74946448
1996,Democratic Republic of the Congo,0,14,3.0,134.981937,49.3072,44118709
1996,Zambia,1,8,6.0,385.1521522,45.2326,8902019
1996,Zimbabwe,0,13,5.7,741.0958552,48.9551,11178171
2000,Albania,0,4,8.8,1126.68334,75.4043,3182021
2000,Algeria,5,47,5.9,1765.027146,70.4779,30774621
2000,Andorra,0,5,6.7,21854.2468,80.9193,66097
2000,Angola,0,30,4.4,556.8361822,46.0236,16394062
2000,Antigua and Barbuda,0,3,7.0,10872.29295,74.6058,75055
2000,Argentina,4,143,9.1,7708.099115,73.926,37070774
2000,Armenia,1,25,10.8,622.7409229,70.6236,3168523
2000,Australia,58,617,11.9,21697.70848,79.6309,19017963
2000,Austria,3,92,9.0,24625.60072,78.2358,8010428
2000,Azerbaijan,3,31,10.6,655.1199452,64.8905,8190337
2000,Bahamas,3,25,10.9,27098.15632,72.0411,325014
2000,Bahrain,0,4,8.3,13636.41675,75.4964,711442
2000,Bangladesh,0,5,4.1,418.0689421,65.7791,129193327
2000,Barbados,1,18,9.0,11268.42006,74.0891,264657
2000,Belarus,17,139,8.9,1276.288034,69.1801,10256483
2000,Belgium,5,68,10.0,23098.88651,77.7665,10264343
2000,Belize,0,2,10.1,3364.491731,68.5645,240406
2000,Benin,0,4,2.6,512.673902,56.5779,6998023
2000,Bolivia,0,5,7.4,997.5817508,62.3461,8592656
2000,Bosnia and Herzegovina,0,9,7.0,1484.176057,74.4957,4179350
2000,Botswana,0,7,7.6,3522.310821,51.0109,1726985
2000,Brazil,12,198,5.6,3749.910848,69.7367,122851984
2000,Bulgaria,13,91,9.5,1621.242961,71.6091,8097691
2000,Burkina Faso,0,4,1.2,255.7186873,50.8468,11882888
2000,Burundi,0,6,1.8,136.4639708,47.5142,6307659
2000,Cambodia,0,4,3.2,300.613679,58.6253,12118841
2000,Cameroon,1,34,4.8,681.102043,52.9317,15091594
2000,Canada,14,294,11.0,24271.00206,79.2335,30683313
2000,Central African Republic,0,3,2.9,251.832764,45.406,3759170
2000,Chad,0,2,1.4,166.1757089,47.443,8259137
2000,Chile,1,50,8.8,5100.254133,76.8695,15351799
2000,China,58,271,6.5,959.3724836,71.8807,1264099069
2000,Colombia,1,44,6.5,2520.481089,71.3201,39215135
2000,Congo,0,5,5.5,1032.137576,53.682,3134030
2000,Costa Rica,2,7,8.0,3789.053886,77.5857,3979193
2000,Croatia,2,88,9.4,4887.713716,74.5836,4548434
2000,Cuba,29,229,9.6,2747.100303,76.1831,11105791
2000,Cyprus,0,22,10.0,14388.34766,76.568,948237
2000,Czechia,8,119,10.6,6029.038193,74.9787,10234710
2000,Democratic Republic of the Congo,0,2,3.3,405.2162186,51.7812,48616317
2000,Denmark,6,97,10.7,30743.54768,76.8137,5340655
2000,Djibouti,0,2,3.2,768.1835703,56.5734,742033
2000,Dominica,0,4,7.8,4787.801441,72.6932,68346
2000,Dominican Republic,0,13,6.4,2869.178139,69.4232,8540791
2000,Ecuador,0,10,7.0,1445.279324,72.8394,12626507
2000,Egypt,0,89,4.8,1450.476242,68.0074,71371371
2000,El Salvador,0,8,5.2,2001.540049,69.8647,5958482
2000,Equatorial Guinea,0,4,5.4,1725.557584,53.2264,684977
2000,Estonia,3,33,11.7,4070.609024,71.3298,1396877
2000,Ethiopia,8,26,1.5,124.4607909,50.5378,67031867
2000,Fiji,0,7,9.6,2069.317455,66.31,832509
2000,Finland,4,70,9.3,24345.91482,77.6712,5176209
2000,France,38,336,9.8,22419.69482,79.0472,58665453
2000,Gabon,0,5,6.2,4135.99238,61.069,1272935
2000,Georgia,6,36,11.7,749.908535,69.5754,4265172
2000,Germany,56,422,11.2,23694.76048,78.0637,81551677
2000,Ghana,0,22,6.1,258.4710399,58.195,19665502
2000,United Kingdom,28,310,11.7,28223.06757,77.8525,58850043
2000,Greece,13,140,8.6,12072.92936,78.3771,11038109
2000,Guatemala,0,15,3.7,1664.298958,67.4459,11735894
2000,Guinea,0,6,1.5,363.4822793,52.4794,8336967
2000,Guyana,0,4,7.7,954.4003181,64.4833,759051
2000,Haiti,0,5,3.8,805.0256325,58.3652,8360225
2000,Honduras,0,20,4.3,1093.1081,68.6618,6656725
2000,Hong Kong,0,31,8.8,25756.66378,80.7461,6731195
2000,Hungary,17,178,10.2,4624.281657,71.7579,10202055
2000,Iceland,1,18,9.4,32096.37226,79.8915,281462
2000,India,1,65,4.4,443.3141938,62.6693,1059633675
2000,Indonesia,6,47,6.7,780.1902047,66.4334,214072421
2000,Iran,4,33,6.2,1670.009674,69.6909,65544383
2000,Iraq,0,4,5.0,2058.264401,66.8171,24628858
2000,Ireland,1,64,10.8,26334.56721,76.5423,3768950
2000,Israel,1,39,12.0,21061.48228,78.9276,6116958
2000,Italy,34,361,8.6,20137.59122,79.6072,56966397
2000,Ivory Coast,0,14,3.3,1007.46739,50.8423,16799670
2000,Jamaica,9,48,7.3,3392.123878,70.9442,2612205
2000,Japan,18,266,10.7,39169.35957,81.1759,126803861
2000,Jordan,0,8,9.5,1651.621798,71.9178,5056174
2000,Kazakhstan,7,130,10.5,1229.001247,64.1781,15236253
2000,Kenya,7,56,5.3,397.4826588,54.4112,30851606
2000,Kuwait,1,29,6.2,18440.37852,76.722,1934901
2000,Kyrgyzstan,1,48,9.8,279.6195693,65.3982,4935182
2000,Latvia,3,45,9.5,3361.640869,70.2517,2392530
2000,Lesotho,0,6,4.9,436.4881373,48.4266,1998630
2000,Liberia,0,8,3.5,306.8338642,51.356,2895224
2000,Libya,0,3,5.6,7142.771786,70.6804,5154790
2000,Liechtenstein,0,2,10.2,74853.93873,76.9804,33026
2000,Lithuania,5,61,10.7,3293.229979,72.0888,3599637
2000,Luxembourg,0,7,10.3,48659.59888,77.8112,435628
2000,North Macedonia,1,10,6.5,1861.898065,72.8567,2037936
2000,Madagascar,0,11,5.2,293.6071574,57.9382,16216431
2000,Malawi,0,2,3.0,156.3858168,44.5181,11229387
2000,Malaysia,0,40,8.6,4043.662923,72.7755,22945150
2000,Maldives,0,4,3.0,2234.595861,70.8759,282507
2000,Mali,0,5,1.2,270.5430066,50.5393,11239101
2000,Malta,0,7,8.1,10432.32812,77.58,399212
2000,Mauritania,0,2,3.0,676.5690224,61.0282,2695003
2000,Mauritius,0,20,6.2,3929.075495,71.6366,1215930
2000,Mexico,6,78,6.7,7157.8145,73.5692,97873442
2000,Moldova,2,34,9.0,440.6720307,66.4168,4251573
2000,Mongolia,0,20,8.2,474.2170943,62.8821,2450979
2000,Morocco,5,55,3.4,1334.943481,66.7869,28554415
2000,Mozambique,1,5,2.2,319.3596208,49.4912,17768505
2000,Myanmar,0,7,3.1,146.6045788,60.1546,45538332
2000,Namibia,0,11,5.6,2185.604115,51.9903,1819141
2000,Nepal,0,5,2.4,229.4903926,62.6145,24559500
2000,Netherlands,25,231,10.8,26214.49855,78.1222,15899135
2000,New Zealand,4,147,11.6,13641.10272,78.6782,3855266
2000,Nicaragua,0,6,5.1,1007.499839,67.2335,5123222
2000,Niger,0,4,1.1,197.8326834,49.3216,11622665
2000,Norway,10,93,12.0,38131.46061,78.6919,4491202
2000,Oman,0,6,5.3,8601.271944,73.4658,2344253
2000,Pakistan,0,27,3.3,576.1955804,62.1018,154369924
2000,Palau,0,5,11.4,7657.951214,65.8914,19726
2000,Panama,0,6,8.5,4060.317793,74.0015,3001731
2000,Papua New Guinea,0,5,3.3,602.1864903,61.7199,5508297
2000,Paraguay,0,5,5.9,1663.604939,69.7502,5123819
2000,Peru,0,21,8.0,1955.588006,70.424,26654439
2000,Philippines,0,20,7.6,1072.801752,69.4134,77958223
2000,Poland,14,187,11.1,4501.454067,73.7335,38504431
2000,Portugal,2,61,6.8,11526.37207,76.8304,10300626
2000,Qatar,1,17,7.9,29976.16763,74.8279,645937
2000,Romania,26,145,9.9,1659.90764,71.2823,21919876
2000,Russia,89,435,11.3,1771.594116,65.2711,146844839
2000,Rwanda,0,5,2.3,260.6076547,47.1292,8109989
2000,Saint Lucia,0,5,7.0,5950.047485,70.7678,159500
2000,Samoa,0,5,8.8,1483.807415,70.7458,184008
2000,Saudi Arabia,2,18,6.7,9171.331476,72.4667,21547390
2000,Senegal,0,26,1.9,613.7323845,56.9434,9704287
2000,Seychelles,0,9,7.4,7578.851053,69.7218,80060
2000,Sierra Leone,0,3,2.3,138.6987225,45.0503,4584067
2000,Singapore,0,14,8.9,23852.32703,79.0691,4053602
2000,Slovakia,5,108,10.3,5426.624281,73.1407,5376690
2000,Slovenia,2,74,11.6,10201.30354,76.1957,1984339
2000,Solomon Islands,0,2,4.6,1017.399663,67.2249,429978
2000,South Africa,5,127,8.8,3374.718423,58.4704,46813266
2000,South Korea,28,281,10.6,12256.99357,76.4661,46788591
2000,Spain,11,321,8.4,14749.68742,79.4172,40741651
2000,Sri Lanka,1,18,10.0,869.696285,70.355,18776371
2000,Sudan,0,3,2.4,366.1727295,58.3185,26298773
2000,Eswatini,0,6,3.9,1728.710498,47.2561,1030496
2000,Sweden,12,150,11.4,29624.91267,79.7382,8871043
2000,Switzerland,9,102,11.4,38952.0342,79.8335,7182059
2000,Syria,0,8,4.6,4910.777748,70.7639,16307654
2000,Tajikistan,0,4,10.6,138.4291467,63.2596,6272998
2000,Tanzania,0,4,4.2,410.9523621,52.3623,34463704
2000,Thailand,3,52,6.1,2007.735271,72.3156,63066603
2000,Togo,0,3,4.0,302.958592,54.742,5008035
2000,Tonga,0,3,9.1,2091.113009,68.978,102603
2000,Trinidad and Tobago,2,19,9.2,6435.134212,69.1022,1332203
2000,Tunisia,0,47,4.9,2211.835015,73.6901,9893316
2000,Turkey,5,57,5.5,4337.478003,71.8613,64113547
2000,Uganda,0,13,3.9,261.8691416,48.3415,24020697
2000,Ukraine,23,230,10.7,658.3486328,67.8555,48879755
2000,United Arab Emirates,0,4,8.3,33291.36625,74.38,3275333
2000,United States,93,586,12.7,36329.95607,76.8114,282398554
2000,Uruguay,1,15,8.0,6875.025469,75.0247,3292224
2000,Uzbekistan,4,70,9.1,558.2268024,65.7235,24925554
2000,Venezuela,0,50,6.4,4842.036601,72.4775,24427729
2000,Vietnam,1,7,5.4,390.0933309,72.462,79001142
2000,Zambia,0,8,5.9,345.6896207,45.2312,9891136
2000,Zimbabwe,0,16,6.5,563.0575041,44.6864,11834676
2004,Afghanistan,0,5,2.5,211.3820742,57.9436,23553551
2004,Albania,0,7,9.1,2373.581292,76.3761,3062622
2004,Algeria,0,61,6.7,2610.185422,71.7617,32510186
2004,Andorra,0,6,10.5,37966.18725,80.0836,76933
2004,Angola,0,30,4.4,1255.564238,50.592,18771125
2004,Antigua and Barbuda,0,5,9.1,11446.96914,75.6721,78941
2004,Argentina,6,152,9.2,4277.721573,74.8549,38668796
2004,Armenia,0,18,10.8,1191.921006,71.4205,3065745
2004,Australia,50,470,11.8,30513.94174,80.7512,19925056
2004,Austria,7,74,9.8,36889.23351,79.3632,8171217
2004,Azerbaijan,5,36,10.6,1045.009379,67.3461,8556164
2004,Bahamas,2,22,10.9,28396.01371,72.478,343089
2004,Bahrain,0,10,8.4,15846.50595,76.5598,833451
2004,Bangladesh,0,4,4.5,475.2919302,67.1874,138789725
2004,Barbados,0,10,9.2,12512.57797,74.7268,268505
2004,Belarus,13,151,9.2,2378.623286,69.4064,9999712
2004,Belgium,3,50,10.5,35429.40779,78.9599,10456163
2004,Belize,0,2,10.3,3824.927382,69.227,272128
2004,Benin,0,4,2.7,798.7443045,56.8257,7894554
2004,Bolivia,0,7,7.1,967.40646,64.0041,9216279
2004,Bosnia and Herzegovina,0,9,7.3,2698.46718,76.1329,4142860
2004,Botswana,0,11,8.1,5073.520408,51.6168,1859085
2004,Brazil,10,243,6.2,3637.31389,71.1307,136756848
2004,Bulgaria,12,95,10.1,3389.707049,72.6094,7865316
2004,Burkina Faso,0,5,1.3,418.3766603,52.4161,13445977
2004,Burundi,0,7,2.2,128.3367028,52.0101,7120496
2004,Cambodia,0,4,3.5,408.5136388,63.5524,13016371
2004,Cameroon,1,17,5.1,1090.785332,54.1779,16809407
2004,Canada,12,262,12.0,32143.68141,80.0332,31911668
2004,Central African Republic,0,4,3.2,321.3126541,46.0383,4115138
2004,Chad,0,1,1.4,454.3363652,48.2317,9613503
2004,Chile,3,22,9.6,6186.662716,77.6161,16017966
2004,China,63,383,6.8,1508.668098,73.7477,1296816711
2004,Colombia,2,53,6.6,2782.623185,72.6951,41648268
2004,Comoros,0,3,2.8,1061.075548,59.4803,581154
2004,Congo,0,5,5.8,1326.596607,56.986,3543012
2004,Costa Rica,0,20,7.9,4404.711884,78.3305,4252800
2004,Croatia,5,81,9.7,9747.440771,75.5016,4443350
2004,Cuba,27,151,9.8,3395.710843,76.9116,11225294
2004,Cyprus,0,20,10.5,23792.62109,77.9435,1018684
2004,Czechia,9,142,11.6,11749.85266,75.9432,10260999
2004,Democratic Republic of the Congo,0,4,4.1,194.0400026,53.426,54815607
2004,Denmark,8,92,12.8,46511.59833,77.7836,5415586
2004,Dominica,0,2,7.8,5216.872434,72.401,68574
2004,Dominican Republic,1,33,6.9,2487.329061,70.3305,9043127
2004,Ecuador,0,16,7.2,2691.277685,74.2788,13534593
2004,Egypt,5,97,5.4,1062.158092,68.613,77522427
2004,El Salvador,0,7,5.8,2278.43033,70.3402,6035655
2004,Equatorial Guinea,0,2,5.4,6152.131238,55.0363,826355
2004,Estonia,3,42,12.0,8914.103557,72.6438,1362480
2004,Ethiopia,7,26,1.8,136.46625,53.2348,75301026
2004,Fiji,0,8,9.3,3311.159895,66.4243,866694
2004,Finland,2,53,11.9,37772.17811,78.846,5228141
2004,France,33,308,10.3,33803.3096,80.3393,60108438
2004,Gabon,0,5,6.8,5739.613204,61.8378,1417110
2004,Georgia,4,32,12.0,1305.047486,70.5674,3988860
2004,Germany,49,441,12.9,34106.65812,79.1263,81266673
2004,Ghana,0,26,6.4,417.5080667,59.1914,21906444
2004,United Kingdom,30,264,12.1,40371.71083,78.9045,59995851
2004,Greece,16,426,9.6,21995.47794,79.2893,11115091
2004,Grenada,0,5,7.7,5741.653658,71.7876,109516
2004,Guatemala,0,18,3.6,1859.098363,69.1648,12852436
2004,Guinea,0,3,1.6,407.3009759,54.1165,8961039
2004,Guyana,0,4,7.9,1056.423886,64.9305,760424
2004,Haiti,0,8,4.2,667.2825464,58.4755,8961489
2004,Honduras,0,5,4.6,1217.818021,69.7957,7383407
2004,Hong Kong,1,32,10.2,24928.10037,81.4125,6915998
2004,Hungary,17,209,10.6,10303.70419,72.906,10094493
2004,Iceland,0,26,9.9,47334.93065,80.9788,292361
2004,India,1,73,4.7,627.7742417,64.5244,1136264583
2004,Indonesia,4,38,7.3,1150.261367,65.7503,225938595
2004,Iran,6,37,6.9,2756.198822,71.3703,69061674
2004,Iraq,0,24,5.7,1391.963489,65.0307,27858948
2004,Ireland,0,46,11.6,47754.20232,78.5126,4031954
2004,Israel,2,36,12.2,19910.61067,80.1467,6595986
2004,Italy,32,364,9.1,31317.20079,81.0199,57860661
2004,Ivory Coast,0,5,3.6,1308.28782,51.3628,18544903
2004,Jamaica,5,47,8.0,3733.798671,70.8603,2664024
2004,Japan,37,306,11.1,38298.98017,82.1309,127671288
2004,Jordan,0,8,9.7,2044.963723,72.7725,5532423
2004,Kazakhstan,8,114,11.5,2874.288483,64.8566,15521923
2004,Kenya,7,46,5.7,451.6687666,56.3615,34791836
2004,Kiribati,0,3,7.2,1131.152504,64.9893,96224
2004,South Korea,30,264,11.2,16496.12009,78.006,47727285
2004,Kuwait,0,11,6.1,27011.654,76.7924,2153481
2004,Kyrgyzstan,0,29,10.1,433.2349766,66.2967,5137040
2004,Latvia,4,32,11.7,6378.666521,70.9252,2263443
2004,Lesotho,0,3,5.2,753.3759044,43.7108,1985384
2004,Liberia,0,2,3.7,286.0647253,56.0131,3122447
2004,Libya,0,8,6.3,5800.588826,71.4896,5687563
2004,Liechtenstein,0,1,10.8,100289.243,82.0,34300
2004,Lithuania,3,59,11.5,6700.327192,72.228,3422591
2004,Luxembourg,0,10,11.1,76544.91709,79.2197,457788
2004,North Macedonia,0,10,7.8,2795.899261,73.7816,2075874
2004,Madagascar,0,8,5.5,284.4877263,60.1487,18250774
2004,Malawi,0,4,3.3,282.5671076,50.4534,12411342
2004,Malaysia,0,26,7.8,4952.213958,73.8985,25333247
2004,Maldives,0,4,3.4,3941.431136,73.5379,302135
2004,Mali,0,21,1.6,440.9584225,53.5385,12751995
2004,Malta,0,7,8.6,15197.05671,79.1944,408798
2004,Mauritania,0,2,3.3,803.7779156,61.5931,2946575
2004,Mauritius,0,9,7.0,5388.065784,72.4841,1250380
2004,Mexico,4,109,7.4,7484.486399,74.372,103945813
2004,Moldova,0,33,10.1,897.4499588,67.8612,4046995
2004,Mongolia,1,20,8.5,797.9777263,64.7955,2537949
2004,Morocco,3,55,3.8,1952.902588,68.231,30033125
2004,Mozambique,0,4,2.8,383.2702219,51.2495,19694411
2004,Myanmar,0,2,3.5,193.3687658,61.2496,47338446
2004,Namibia,0,8,5.9,3464.418226,51.2464,1939406
2004,Nepal,0,6,2.7,286.1576726,64.8177,26003965
2004,Netherlands,22,210,11.5,40436.61823,79.2308,16196035
2004,New Zealand,5,148,11.6,25420.23488,79.3715,4081409
2004,Nicaragua,0,5,5.4,1080.269119,67.4233,5386223
2004,Niger,0,4,1.3,286.4900658,52.5891,13366885
2004,Nigeria,2,70,5.2,1007.874342,48.7672,136756848
2004,Norway,6,52,12.7,57603.83602,79.9648,4592277
2004,Oman,0,2,6.6,10126.13774,74.3285,2468855
2004,Pakistan,0,26,4.3,687.8364127,63.0522,170648620
2004,Palau,0,4,11.4,8317.113942,67.1912,19907
2004,Panama,0,4,8.9,4592.152614,75.5444,3243311
2004,Papua New Guinea,0,4,3.5,618.0367032,61.7611,6293166
2004,Paraguay,1,22,7.1,1679.49512,70.4809,5416324
2004,Peru,0,12,8.6,2417.034363,72.668,27893911
2004,Philippines,0,16,8.6,1121.490006,70.0367,84607501
2004,Poland,10,194,11.6,6681.386472,74.972,38596042
2004,Portugal,3,81,7.4,18064.15809,78.4199,10501522
2004,Qatar,0,15,8.4,42124.94084,75.9606,777943
2004,Romania,19,108,9.9,3494.944517,69.5031,21289286
2004,Russia,90,446,11.4,4102.364746,65.904,144353636
2004,Rwanda,0,5,2.7,273.6446627,55.4912,8791853
2004,Saint Lucia,0,2,7.4,6591.645501,72.0276,164239
2004,Samoa,0,3,9.3,2283.070695,71.6959,188073
2004,Saudi Arabia,0,16,7.5,11185.13704,74.1526,23661808
2004,Senegal,0,15,2.4,932.1680954,60.0266,10698691
2004,Seychelles,0,9,7.7,10176.65871,71.1618,84715
2004,Sierra Leone,0,2,2.6,266.5693713,47.5771,5533329
2004,Singapore,0,16,10.2,27608.53737,79.7654,4270401
2004,Slovakia,6,64,10.6,10691.44655,74.2186,5374931
2004,Slovenia,4,79,12.0,17233.13856,77.4848,1996722
2004,Solomon Islands,0,2,4.8,866.9902759,67.8009,471785
2004,South Africa,6,106,8.8,5409.133489,54.043,48556071
2004,Spain,20,316,8.6,24907.00085,80.3362,42959666
2004,Sri Lanka,0,7,10.3,1065.784437,67.0914,19490431
2004,Sudan,0,4,2.8,711.9219971,56.7726,28831550
2004,Suriname,0,4,7.7,3006.183233,66.4163,510572
2004,Eswatini,0,3,4.0,2699.130742,42.5381,1065764
2004,Sweden,7,115,12.3,42821.67314,80.5462,9004263
2004,Switzerland,5,98,11.9,54878.471,81.0534,7381151
2004,Syria,1,6,5.4,6330.740183,72.4747,18084007
2004,Tajikistan,0,9,10.5,311.6272313,66.0284,6801204
2004,Tanzania,0,8,4.5,459.2593079,55.5963,38360879
2004,Thailand,8,42,6.8,2660.126835,73.0797,65311166
2004,Timor-Leste,0,2,3.1,453.5133127,61.6281,945989
2004,Togo,0,3,4.2,413.3298662,55.5695,5565218
2004,Tonga,0,5,9.2,2301.654115,69.6704,105036
2004,Trinidad and Tobago,1,19,9.8,10293.86925,71.0756,1361172
2004,Tunisia,0,54,5.6,3111.374381,74.4902,10292225
2004,Turkey,10,64,5.9,6101.632117,73.24,67785075
2004,Uganda,0,11,4.4,296.0142675,51.5469,27146084
2004,Ukraine,22,239,10.7,1416.60376,68.4016,47261961
2004,United Arab Emirates,1,4,8.9,36333.18733,76.4532,3993339
2004,United States,101,533,12.8,41724.63163,77.5581,293947885
2004,Uruguay,0,15,8.0,4120.544205,76.0069,3313801
2004,Uzbekistan,5,69,9.7,465.1198869,67.4012,26234923
2004,Venezuela,2,48,7.2,4325.696756,72.514,26226927
2004,Vietnam,0,11,6.2,546.909619,73.135,82311227
2004,Zambia,0,6,6.2,538.591553,49.4873,11188040
2004,Zimbabwe,3,12,6.8,482.9984515,44.5023,12160881
2008,China,100,599,7.0,3468.304602,74.8719,1330167148
2008,United States,112,588,13.2,48570.04598,78.1958,305694910
2008,Russia,60,467,11.4,11635.27246,68.4943,143086549
2008,Germany,41,463,13.7,45612.71062,79.8261,81217482
2008,Australia,46,433,12.3,49654.9106,81.4589,21247873
2008,Italy,27,333,9.5,40944.91242,81.6466,59224228
2008,Canada,20,332,12.4,46710.50558,80.7388,33218541
2008,Japan,25,332,11.4,39876.30397,82.6382,128077633
2008,France,43,323,10.7,45519.29688,81.049,61721009
2008,United Kingdom,51,312,12.8,47549.34863,79.6652,61742151
2008,Spain,19,283,9.2,35510.72223,81.2902,45966538
2008,Brazil,17,268,6.7,8831.183643,72.7153,152382506
2008,South Korea,32,265,11.6,21350.42798,80.0441,48398626
2008,Poland,11,257,11.9,13996.02515,75.5842,38522882
2008,Ukraine,22,243,11.3,4066.547852,69.1168,46062937
2008,Netherlands,16,237,12.0,57879.94376,80.3766,16460770
2008,New Zealand,9,178,11.8,31252.96256,80.2908,4260239
2008,Belarus,14,177,11.3,6377.369732,70.9218,9787826
2008,Hungary,10,171,11.5,15777.19202,73.9576,10023510
2008,Cuba,30,158,10.6,5010.434715,77.4294,11276609
2008,Greece,3,152,10.1,32127.98319,80.049,11073623
2008,Czechia,7,134,12.2,22804.57768,77.1743,10378583
2008,South Africa,1,134,9.7,6350.65271,56.0222,50565812
2008,Argentina,6,132,8.9,9020.873323,75.6411,40273769
2008,Kazakhstan,9,130,11.5,8458.017154,66.7018,16196517
2008,Sweden,5,123,12.2,56152.55234,81.1371,9229271
2008,Venezuela,1,108,8.2,11432.74592,72.436,27933833
2008,Romania,9,101,10.6,10435.04398,73.6078,20597508
2008,Egypt,2,100,6.2,2044.527804,69.3186,83844783
2008,Croatia,5,99,10.3,16416.58681,76.2096,4393664
2008,Belgium,2,94,11.0,48303.39796,79.5769,10726716
2008,Serbia,3,87,10.4,7101.040141,73.9388,7722794
2008,Denmark,7,84,12.9,64322.0635,78.7134,5502751
2008,Norway,9,84,12.7,96944.09561,80.678,4768654
2008,Mexico,4,83,8.0,10016.57121,74.1524,109684489
2008,Switzerland,7,83,12.9,74572.23237,81.9664,7638288
2008,Portugal,2,77,7.8,24949.04136,79.5613,10580960
2008,Nigeria,5,74,5.2,2259.114059,50.2251,152382506
2008,Lithuania,5,71,12.2,14944.99665,72.417,3224378
2008,Austria,3,70,11.5,51919.98358,80.3639,8321131
2008,Bulgaria,5,70,10.5,7265.735497,73.3647,7674913
2008,Colombia,3,67,7.3,5472.53653,74.295,43815313
2008,Turkey,5,67,6.3,10941.17215,74.4501,71320726
2008,Slovenia,5,61,11.9,27595.59997,79.1346,2034033
2008,Finland,4,57,12.2,53772.79424,79.695,5313350
2008,Slovakia,6,57,11.2,18753.58494,74.8642,5381636
2008,Algeria,2,56,6.7,4923.631615,72.9405,34569592
2008,Uzbekistan,4,56,10.3,1082.286025,68.7646,27726810
2008,Ireland,3,55,12.0,61353.10656,79.7625,4452392
2008,Iran,2,54,8.6,5717.314148,72.6244,73318394
2008,India,3,53,5.2,998.5223415,66.149,1206734806
2008,Jamaica,11,50,8.6,4928.126409,71.6122,2711373
2008,Estonia,2,47,12.3,18204.96648,74.412,1337011
2008,Latvia,3,47,12.2,16467.14369,72.0358,2150412
2008,Morocco,2,47,4.1,2890.360596,70.0481,31634992
2008,Thailand,6,47,7.3,4379.658787,75.4916,67328239
2008,Kenya,16,46,6.0,902.0699578,59.6141,39186895
2008,Azerbaijan,6,44,10.2,5574.603802,68.8112,8999696
2008,Israel,1,43,12.6,29650.77025,81.0552,7074522
2008,Georgia,7,35,12.2,3324.735879,71.3323,3879698
2008,Hong Kong,0,34,11.3,31515.66277,82.3626,7050677
2008,Angola,0,32,4.6,4080.941015,54.6327,21691522
2008,Cameroon,1,32,5.2,1439.547804,55.6548,18777081
2008,Malaysia,1,32,9.4,8474.587762,74.2502,27664296
2008,Moldova,1,29,10.9,2111.201495,69.3936,3812422
2008,Mongolia,4,28,9.0,2136.562402,66.3821,2633887
2008,Trinidad and Tobago,2,28,10.7,21204.00818,71.4697,1392803
2008,Ethiopia,7,27,2.2,326.4368228,57.5916,84357105
2008,Iceland,1,27,10.4,56943.37045,81.3883,317715
2008,Chile,1,26,9.9,10752.9723,78.4841,16661462
2008,Tunisia,1,26,6.3,4307.580023,75.1846,10680380
2008,Armenia,5,25,11.0,4010.861381,72.3985,2983421
2008,Bahamas,2,25,10.9,30627.32775,72.6671,362795
2008,Ecuador,1,25,7.9,4249.01897,74.983,14496797
2008,Honduras,0,25,5.1,1739.353377,70.4414,8101777
2008,Singapore,1,25,10.5,40007.46926,81.1698,4838402
2008,Dominican Republic,2,24,7.2,5087.983213,71.6577,9522948
2008,Indonesia,6,24,7.1,2166.854231,68.2261,237936543
2008,Ivory Coast,0,21,4.0,1738.192101,53.6532,20244449
2008,Pakistan,0,21,4.4,990.8466112,64.036,185931955
2008,Kyrgyzstan,3,20,10.3,966.3936272,67.2492,5345415
2008,Qatar,0,20,9.7,80234.19083,77.4272,1444277
2008,Montenegro,0,19,10.9,7367.751909,75.305,631466
2008,Cyprus,0,17,11.3,35397.36328,78.9812,1092390
2008,Mali,0,17,1.9,697.0878037,55.2907,14551117
2008,Philippines,0,15,9.0,1998.02692,70.5638,91252326
2008,Senegal,0,15,2.4,1403.949385,63.2421,11872929
2008,Tajikistan,2,15,11.0,715.8657063,67.6884,7324627
2008,Bahrain,0,14,8.4,23066.45098,78.0838,1110343
2008,Saudi Arabia,0,14,8.3,20078.26007,75.2744,27437353
2008,Luxembourg,0,13,11.7,120422.1379,80.4718,488635
2008,Peru,0,13,8.4,4220.616378,73.3772,28806185
2008,Vietnam,1,13,7.0,1149.424495,73.411,85597241
2008,Zimbabwe,4,13,7.0,356.6932344,46.7232,12550347
2008,Guatemala,0,12,4.3,2802.461962,70.3556,13979451
2008,Uruguay,0,12,8.4,9091.079039,76.623,3336126
2008,Albania,0,11,9.2,4370.539925,77.6529,2951689
2008,Botswana,0,11,8.6,5713.543931,57.1206,2007320
2008,El Salvador,0,11,6.4,2933.39424,71.4236,6068099
2008,Mauritius,1,11,7.8,8030.063005,73.3384,1275684
2008,Uganda,0,11,5.2,474.5179496,55.823,30509862
2008,Eritrea,0,10,3.8,450.6323989,62.5731,3005779
2008,Namibia,0,10,6.1,4212.367197,54.6529,2038552
2008,Ghana,0,9,6.6,1217.064435,60.49,24326087
2008,Grenada,0,9,8.1,7832.349081,74.6558,112478
2008,Seychelles,0,9,8.0,11122.86207,72.3969,89644
2008,Sudan,1,9,3.0,1551.085815,61.2055,32065241
2008,Tanzania,0,9,5.0,687.3904419,58.0861,42870884
2008,Barbados,0,8,9.3,17092.31451,75.4471,272635
2008,Costa Rica,0,8,8.4,6901.388306,78.4451,4501921
2008,Kuwait,0,8,6.5,55494.9301,77.1455,2650930
2008,Nepal,0,8,3.1,470.455459,66.4207,26881544
2008,Sri Lanka,0,8,11.0,2037.322103,71.7288,20285643
2008,United Arab Emirates,0,8,9.6,44498.94051,77.4877,6988685
2008,Zambia,0,8,6.5,1394.0005,53.9449,12852966
2008,Bolivia,0,7,7.6,1715.208395,65.4459,9880593
2008,Haiti,0,7,4.6,1086.938192,61.3322,9575247
2008,Jordan,0,7,9.8,3455.769953,73.591,6632873
2008,North Macedonia,0,7,8.7,4841.251694,74.5326,2086227
2008,Papua New Guinea,0,7,3.8,1672.951024,62.5708,7137988
2008,Paraguay,0,7,7.4,4047.702445,71.3838,5645148
2008,Syria,0,7,6.3,10554.08378,73.5508,21474059
2008,Burkina Faso,0,6,1.3,643.404581,55.342,15197915
2008,Fiji,0,6,9.4,4167.694935,66.9346,896731
2008,Lebanon,0,6,7.8,6111.327281,77.5844,4887613
2008,Libya,0,6,7.0,14311.23873,72.2687,6228370
2008,Madagascar,0,6,5.9,536.3514017,62.1418,20513599
2008,Malta,0,6,10.0,22205.35681,80.0945,413401
2008,Myanmar,0,6,3.9,460.9088892,56.5056,48729486
2008,Nicaragua,0,6,5.8,1499.25762,70.5863,5687744
2008,Samoa,1,6,9.8,3499.460768,72.1546,191787
2008,Andorra,0,5,10.1,48719.65877,82.6982,76055
2008,Antigua and Barbuda,0,5,9.3,16044.1058,76.4103,83251
2008,Bangladesh,0,5,4.8,634.9870697,67.0506,145421318
2008,Benin,0,5,2.8,1125.426134,57.8689,8906469
2008,Bosnia and Herzegovina,0,5,7.6,5090.945825,76.8378,3943392
2008,Congo,0,5,6.0,2904.124496,60.4265,4089602
2008,Democratic Republic of the Congo,0,5,5.0,327.5637218,55.3386,62249724
2008,Guinea,0,5,1.6,715.0965267,56.044,9779785
2008,Lesotho,0,5,5.4,889.1342855,43.5657,1995014
2008,Palau,0,5,11.8,10598.88283,66.207,19102
2008,Panama,1,5,9.2,7154.274496,76.2247,3495276
2008,Afghanistan,1,4,3.0,364.663542,59.8515,26427199
2008,Belize,0,4,10.4,4408.382931,71.1507,305671
2008,Cambodia,0,4,3.9,745.609127,66.4698,13943888
2008,Gabon,0,4,7.3,10254.17196,63.0829,1599978
2008,Guyana,0,4,8.0,4050.786237,66.288,754150
2008,Iraq,0,4,6.2,4636.639325,64.9421,29218381
2008,Malawi,0,4,3.9,387.6057212,54.6036,13889423
2008,Maldives,0,4,4.3,6614.23618,76.5428,336883
2008,Mozambique,0,4,3.1,563.6496343,53.1639,21845571
2008,Niger,0,4,1.4,478.502559,56.508,15455175
2008,Oman,0,4,8.1,22139.74071,74.6115,2651028
2008,Rwanda,0,4,3.2,543.5680119,61.1342,9781996
2008,Saint Lucia,0,4,7.8,8456.694632,72.6977,168576
2008,Suriname,0,4,7.7,6831.983622,68.8162,533938
2008,Eswatini,0,4,5.4,3137.387266,44.1749,1089870
2008,Togo,1,4,4.3,546.3503702,56.6948,6222482
2008,Burundi,0,3,2.5,198.3528517,55.7101,8278109
2008,Central African Republic,0,3,3.4,466.4723203,48.0155,4467233
2008,Comoros,0,3,3.7,1393.216032,60.4747,629470
2008,Equatorial Guinea,0,3,5.4,22942.6101,57.0742,994971
2008,Guinea-Bissau,0,3,2.4,599.9952372,54.6462,1488431
2008,Liberia,0,3,4.0,478.3995401,58.7717,3783887
2008,Sierra Leone,0,3,2.9,408.4810085,51.5259,6090860
2008,Solomon Islands,0,3,5.0,1389.056107,68.4039,516001
2008,Tonga,0,3,10.1,3331.546555,70.164,106932
2008,Vanuatu,0,3,6.6,2629.053124,69.6019,233952
2008,Bhutan,0,2,2.3,1828.154677,67.4991,689737
2008,Chad,0,2,1.8,929.3827519,49.0239,11098664
2008,Djibouti,0,2,3.9,1223.852363,59.3653,882886
2008,Dominica,0,2,7.8,6468.944767,73.3054,68782
2008,Kiribati,0,2,7.6,1428.134977,64.8335,103966
2008,Liechtenstein,0,2,11.7,143264.0594,82.8849,35401
2008,Mauritania,0,2,3.6,1579.511548,62.399,3233336
2008,Timor-Leste,0,1,4.0,614.435755,64.329,1043076
2012,United Kingdom,65,541,12.9,42686.80005,80.8659,63808727
2012,United States,104,530,13.3,51784.41857,78.9441,316651321
2012,Russia,65,436,11.7,15420.875,70.7695,143629362
2012,Australia,35,410,12.6,68027.84171,82.3456,22729269
2012,Germany,44,392,14.0,43855.85447,80.5058,81545565
2012,China,92,390,7.5,6300.615118,76.1923,1366560818
2012,France,35,330,11.0,40872.36246,81.774,63071416
2012,Japan,38,293,12.0,49145.28043,83.1755,127853688
2012,Italy,28,284,9.9,35051.52127,82.2588,60190145
2012,Spain,20,278,9.5,28322.80925,82.2112,46756082
2012,Canada,18,277,12.8,52669.08996,81.7221,34691878
2012,Brazil,17,258,7.3,12370.22325,73.5517,170075932
2012,South Korea,31,245,11.9,25466.76052,81.3473,49634185
2012,Ukraine,19,237,11.3,4004.804443,71.6273,45406226
2012,Poland,11,218,11.7,13097.27085,76.7138,38625874
2012,New Zealand,13,184,12.1,39973.38076,81.2089,4410284
2012,Netherlands,20,175,12.0,50070.1416,81.0495,16785299
2012,Belarus,10,165,12.0,6953.132515,72.6137,9693749
2012,Hungary,18,157,12.2,12989.18028,75.1808,9922127
2012,Argentina,4,137,9.8,13082.66433,76.4669,41952365
2012,Sweden,8,134,12.4,58037.82132,81.7296,9555987
2012,Czechia,11,133,12.4,19870.80121,78.0058,10511065
2012,South Africa,6,125,9.8,8222.197279,61.8457,53145033
2012,Belgium,3,115,11.2,44670.56068,80.2607,11031139
2012,Serbia,4,115,10.5,6015.945228,75.1062,7591350
2012,Kazakhstan,11,114,11.5,12386.69927,69.1295,17102864
2012,Turkey,3,114,7.5,11795.63346,75.678,75277439
2012,Denmark,9,113,12.8,58507.50805,80.0807,5600959
2012,Egypt,4,113,6.8,3229.68563,70.0848,91240376
2012,Cuba,15,110,10.8,6497.314764,77.8328,11309290
2012,Croatia,6,108,11.0,13401.65662,77.3401,4331595
2012,Colombia,9,104,7.6,8050.255372,75.5973,45782417
2012,Greece,2,103,10.3,21912.99829,80.3409,10963635
2012,Romania,7,103,10.9,8507.104775,74.3908,20137118
2012,Mexico,8,102,8.6,10241.72783,74.574,115755909
2012,Switzerland,4,102,13.4,86547.67089,82.6158,7995738
2012,India,6,83,5.6,1443.882435,67.8872,1274487215
2012,Tunisia,3,83,6.8,4361.684338,75.5498,11174383
2012,Portugal,1,77,8.5,20563.7136,80.4784,10522086
2012,Austria,0,70,11.8,48564.91734,80.841,8429637
2012,Venezuela,1,70,9.7,12986.22269,73.0364,29470426
2012,Morocco,1,67,4.6,2912.658203,71.6789,33352169
2012,Ireland,6,66,11.3,49026.02307,80.7523,4564550
2012,Slovenia,4,65,11.7,22641.80512,80.1284,2069354
2012,Norway,4,64,12.6,101524.1419,81.4437,5019056
2012,Bulgaria,3,63,10.8,7432.478766,74.3572,7488344
2012,Lithuania,5,62,11.7,14367.70942,74.2029,3063341
2012,Finland,3,55,12.4,47708.06128,80.5008,5413859
2012,Nigeria,0,55,5.7,2723.822191,51.4973,170075932
2012,Uzbekistan,3,54,11.1,2267.623275,69.8742,29503051
2012,Azerbaijan,9,53,10.7,7496.294648,70.3598,9485576
2012,Iran,13,53,9.5,8525.768136,74.186,77324451
2012,Jamaica,13,50,9.2,5209.859264,73.4335,2759817
2012,Kenya,13,47,6.2,1271.815383,61.1152,43725806
2012,Slovakia,4,47,12.3,17429.82975,76.1746,5409283
2012,Latvia,2,46,12.6,13847.33794,73.7447,2053636
2012,Algeria,1,42,7.6,5592.220115,74.2024,37260563
2012,Hong Kong,1,42,11.6,36730.8767,83.561,7234060
2012,Israel,0,37,12.8,32667.60687,81.7346,7592106
2012,Thailand,4,37,7.7,5860.581471,76.7721,69157023
2012,Ecuador,0,36,8.1,5682.046108,76.0616,15483883
2012,Chile,0,35,9.9,15354.6184,79.0233,17341771
2012,Dominican Republic,2,35,7.5,6110.366576,72.5142,10030882
2012,Ethiopia,8,35,2.4,467.0778718,61.5431,94451280
2012,Georgia,6,35,12.5,4421.818242,72.412,3804356
2012,Angola,0,34,4.8,4978.434435,58.6231,25188292
2012,Cameroon,1,33,5.7,1403.522915,57.7922,21032684
2012,Estonia,2,33,12.5,17403.20533,76.5454,1322682
2012,Montenegro,1,33,11.2,6586.721279,76.3268,633051
2012,Senegal,0,31,2.6,1317.779802,65.4567,13231833
2012,Malaysia,2,30,10.1,10817.43171,74.944,29660212
2012,Trinidad and Tobago,4,30,10.8,19171.21082,73.7159,1430377
2012,Mongolia,5,29,9.9,4351.888461,68.1114,2792349
2012,Uruguay,0,29,8.5,15171.58017,77.111,3371133
2012,Honduras,0,27,5.5,2144.342363,71.7344,8792367
2012,Iceland,0,27,11.5,45995.54788,82.5564,320979
2012,United Arab Emirates,0,26,10.2,40976.49642,78.7155,8664969
2012,Armenia,2,25,11.3,3681.844691,73.454,2914421
2012,Bahamas,1,24,11.1,29485.86422,72.7528,382061
2012,Gabon,1,24,7.8,9813.505747,64.5871,1836705
2012,Singapore,2,23,11.3,55546.48854,82.2434,5381005
2012,Indonesia,3,22,7.6,3694.35934,68.973,250222695
2012,Moldova,0,22,11.4,3045.730612,69.1431,3507191
2012,Pakistan,0,21,4.8,1198.117637,64.7823,202205861
2012,Guatemala,1,19,4.6,3355.036919,71.463,15128306
2012,Saudi Arabia,1,19,9.4,25243.602,76.4611,30821543
2012,Vietnam,1,18,7.8,2178.043171,73.7044,89301326
2012,Peru,0,16,8.6,6528.971775,74.544,29749589
2012,Tajikistan,1,16,10.7,969.2961039,68.4841,7956382
2012,Uganda,1,16,5.3,790.1314506,58.8166,34273295
2012,Kyrgyzstan,0,14,10.7,1177.974735,68.9933,5631950
2012,Cyprus,1,13,11.8,28912.15625,80.1094,1156556
2012,Albania,0,12,9.6,4247.630047,78.064,2892193
2012,Bahrain,1,12,8.8,23654.36959,79.0813,1224939
2012,Qatar,2,12,9.2,85075.98654,79.2265,1905660
2012,Costa Rica,0,11,8.5,10075.00462,79.2827,4736593
2012,Kuwait,1,11,7.2,51979.12069,78.8118,3394663
2012,Mauritius,0,11,8.6,9291.227619,74.368,1288745
2012,Philippines,0,11,9.1,2694.305109,70.8813,98032317
2012,Ivory Coast,0,10,4.5,1684.781586,56.1579,22010712
2012,El Salvador,0,10,6.7,3428.409332,71.8313,6161289
2012,Grenada,1,10,8.4,7444.089075,75.0416,115912
2012,Lebanon,0,10,8.1,7948.685449,78.6284,5178337
2012,Syria,0,10,6.3,2158.525351,66.7687,22605577
2012,Turkmenistan,0,10,9.8,6675.178055,68.7225,5458682
2012,Fiji,0,9,10.1,4591.577015,67.5515,911059
2012,Ghana,0,9,6.8,1587.560932,62.0805,26858762
2012,Jordan,0,9,9.9,3910.346894,74.3659,7211863
2012,Luxembourg,0,9,11.8,112584.6763,80.9818,530585
2012,Namibia,0,9,6.4,5942.29274,57.64,2167470
2012,Iraq,0,8,6.6,6836.073995,68.0232,33864447
2012,Paraguay,0,8,7.8,5185.141549,72.4536,5923322
2012,Papua New Guinea,0,8,4.2,2790.676303,63.7325,8026545
2012,Samoa,0,8,10.2,4022.177798,72.1668,198124
2012,Congo,0,7,6.2,3922.868842,62.317,4713257
2012,Madagascar,0,7,6.1,518.1528127,63.5436,22966240
2012,Panama,0,7,9.5,10722.26148,76.8185,3754862
2012,Rwanda,0,7,3.7,725.2049521,64.0094,10840334
2012,Sri Lanka,0,7,10.9,3350.521876,73.9058,21017147
2012,Tanzania,0,7,5.5,867.8574829,62.0303,47786137
2012,Zambia,0,7,6.7,1763.069442,58.8672,14744658
2012,Zimbabwe,0,7,7.9,1304.968011,55.6263,13265331
2012,Afghanistan,1,6,3.4,638.8458516,61.923,30466479
2012,Andorra,0,6,10.2,38684.56653,82.9166,71013
2012,Barbados,0,6,10.5,16250.01233,76.0987,276197
2012,Burundi,0,6,2.7,252.3624696,58.4927,9795479
2012,Bosnia and Herzegovina,0,6,8.3,4777.06692,77.1914,3674374
2012,Bolivia,0,6,8.3,2609.880562,66.7046,10569697
2012,Central African Republic,0,6,3.8,565.8012071,50.6861,4773306
2012,Cambodia,0,6,4.5,950.880346,68.9149,14786640
2012,Djibouti,0,6,4.0,1559.240651,60.8479,954297
2012,Guyana,0,6,8.3,5378.810878,67.2298,743966
2012,Mali,0,6,2.1,778.6252109,57.0792,16514687
2012,Mozambique,0,6,3.3,657.6450363,55.6387,24487611
2012,Myanmar,0,6,4.5,1134.302224,64.1412,50218185
2012,Nicaragua,0,6,6.3,1760.460308,72.6148,6030607
2012,Niger,0,6,1.6,529.7444581,59.6498,17954407
2012,Seychelles,0,6,8.8,11998.41987,73.6428,95309
2012,Sudan,0,6,3.3,1746.031982,63.7922,35159792
2012,Togo,0,6,4.4,571.8067239,58.073,6926635
2012,Antigua and Barbuda,0,5,9.2,13272.73494,77.3502,87674
2012,Bangladesh,0,5,5.1,883.1171296,69.554,152090649
2012,Benin,0,5,3.0,1145.140105,58.7159,10014078
2012,Burkina Faso,0,5,1.4,758.000427,57.6187,17113732
2012,Haiti,0,5,4.9,1337.335946,62.2915,10108539
2012,Libya,0,5,7.3,14721.86924,72.2473,5869870
2012,Maldives,0,5,5.5,7265.723399,78.6822,387539
2012,Malta,0,5,10.8,22527.63676,81.3905,429907
2012,Nepal,0,5,4.0,804.1416073,67.47,27330694
2012,Palau,0,5,12.2,12044.10547,64.7077,17946
2012,Suriname,0,5,7.9,9200.974786,69.7644,558111
2012,Vanuatu,0,5,6.8,2997.293432,69.4972,257313
2012,Botswana,1,4,9.0,7050.573472,60.8004,2175425
2012,Democratic Republic of the Congo,0,4,5.8,424.6003738,57.2484,70997870
2012,Guinea-Bissau,0,4,2.8,616.375664,57.6901,1652717
2012,Guinea,0,4,2.4,717.0505359,57.4064,10788692
2012,Liberia,0,4,4.3,675.0101918,59.9128,4331740
2012,Saint Lucia,0,4,8.4,9086.387955,72.8821,173124
2012,Lesotho,0,4,5.9,1229.636232,47.8354,2054718
2012,Marshall Islands,0,4,10.8,3181.6247,63.3733,52203
2012,North Macedonia,0,4,9.3,4728.308142,75.1399,2099478
2012,Oman,0,4,8.6,24988.01259,77.0607,3535579
2012,Solomon Islands,0,4,5.2,2141.914041,69.0839,567763
2012,Belize,0,3,10.5,4530.604801,73.245,337059
2012,Chad,0,3,2.1,967.3529488,50.5401,12754906
2012,Comoros,0,3,4.6,1403.360252,61.834,684553
2012,Kiribati,0,3,7.9,1782.924951,65.3776,111618
2012,Liechtenstein,0,3,12.3,149010.2249,82.4981,36505
2012,Malawi,0,3,4.3,391.5617052,58.6786,15581251
2012,Eswatini,0,3,6.1,4527.565039,49.8352,1111444
2012,Tonga,0,3,10.9,4581.783245,70.442,107502
2012,Bhutan,0,2,2.5,2538.949519,69.3261,721145
2012,Dominica,0,2,7.9,6849.455933,70.5383,68888
2012,Equatorial Guinea,0,2,5.5,21711.15323,58.8646,1193636
2012,Mauritania,0,2,4.0,1815.218939,63.5779,3636113
2012,Sierra Leone,0,2,3.2,566.3782351,55.451,6788587
2012,Timor-Leste,0,2,4.5,1024.172508,66.0812,1137676
2016,United States,121,554,13.4,57866.74493,78.8482,327210198
2016,Brazil,19,465,7.8,8710.06329,74.4415,188666931
2016,Germany,42,425,14.1,42136.12079,80.8471,82331423
2016,Australia,29,421,12.9,49881.76371,82.8707,24195701
2016,China,70,413,7.8,8094.363367,77.2177,1401889681
2016,France,42,399,11.5,37062.53357,82.4372,63989319
2016,United Kingdom,67,366,12.9,41499.5557,81.0747,65655203
2016,Japan,41,338,12.7,39375.47316,84.0664,126993857
2016,Canada,22,314,13.1,42315.60371,82.0434,36113532
2016,Italy,28,309,10.2,30960.73151,83.0492,60118626
2016,Spain,17,306,9.8,26523.34822,83.0411,46473315
2016,Russia,56,282,12.0,8704.898438,72.6609,145109157
2016,Poland,11,243,12.2,12447.43959,77.8025,38532113
2016,Netherlands,19,242,12.1,46039.10593,81.547,17124505
2016,Argentina,4,213,9.9,12790.24247,76.3077,43668241
2016,South Korea,21,205,12.1,29288.87044,82.9259,51309984
2016,Ukraine,11,203,11.3,2187.730469,74.3121,44833569
2016,New Zealand,18,199,12.5,40058.19616,82.07,4668081
2016,Hungary,15,160,11.9,13107.37791,76.1552,9815104
2016,Sweden,11,152,12.4,51965.15715,82.3391,9953317
2016,Colombia,8,147,8.3,5870.777957,76.4713,47625955
2016,South Africa,10,137,10.1,5756.965741,64.7469,56422274
2016,Mexico,5,125,8.6,8744.515559,74.4122,121519221
2016,Denmark,15,122,12.6,54663.99837,80.8803,5706857
2016,Belarus,9,121,12.3,5039.681886,74.258,9708110
2016,Cuba,11,120,11.6,8060.796598,77.643,11342012
2016,Egypt,3,120,7.2,3519.87324,70.8435,99784030
2016,India,2,117,6.4,1732.554242,70.1167,1338636340
2016,Belgium,6,108,11.8,42012.62272,81.2661,11316836
2016,Czechia,10,105,12.7,18575.23203,78.9967,10527591
2016,Kazakhstan,17,104,11.7,7714.841844,70.8984,18078553
2016,Serbia,8,104,11.1,5765.200762,76.2609,7493288
2016,Switzerland,7,104,13.4,83073.28008,83.4452,8372898
2016,Turkey,8,103,8.0,10894.60338,76.6605,81019394
2016,Romania,4,97,11.0,9548.587403,75.2458,19797820
2016,Greece,6,95,10.8,17923.96681,81.1617,10749742
2016,Portugal,1,92,9.2,19991.97249,81.2324,10332753
2016,Kenya,13,89,6.4,1525.235192,62.1632,47894670
2016,Croatia,10,87,11.3,12527.73986,78.2314,4223751
2016,Ireland,2,77,12.5,62861.63912,81.5498,4715788
2016,Nigeria,1,75,6.2,2176.002772,52.0427,188666931
2016,Austria,1,71,12.1,45307.58786,81.5925,8736487
2016,Uzbekistan,13,70,11.4,2704.677188,70.7548,31453574
2016,Jamaica,11,68,9.8,4843.7499,72.0198,2802695
2016,Lithuania,4,67,13.0,15008.31324,74.8816,2933673
2016,Algeria,2,64,8.0,3946.452447,75.7318,40339329
2016,Iran,8,64,9.8,5755.802448,75.6,83306231
2016,Norway,4,62,12.6,70460.56053,82.4147,5236590
2016,Slovenia,4,61,12.3,21678.35947,81.1577,2090020
2016,Tunisia,3,61,7.1,3924.349092,75.7861,11685667
2016,Azerbaijan,18,56,10.7,3880.738731,72.0039,9976248
2016,Finland,1,56,12.4,43814.02651,81.2915,5495219
2016,Thailand,6,54,7.6,5993.305516,78.0489,70607037
2016,Bulgaria,3,51,11.8,7569.478815,74.8336,7245975
2016,Fiji,1,51,10.8,5651.272721,67.2395,918371
2016,Morocco,1,51,5.4,2896.722168,73.284,35107264
2016,Slovakia,4,51,12.5,16512.29299,77.2146,5431203
2016,Israel,2,48,13.0,37330.2618,82.4854,8159009
2016,Estonia,1,45,12.6,18295.34293,77.8201,1315926
2016,Mongolia,2,43,10.1,3658.3903,69.8647,3029555
2016,Chile,0,42,10.3,13690.90746,80.0794,18083879
2016,Georgia,7,39,12.8,4062.169888,73.5692,3771110
2016,Ecuador,0,38,8.7,6060.092962,76.7634,16439585
2016,Hong Kong,0,38,12.0,43733.91636,84.539,7435927
2016,Qatar,1,38,9.8,57162.96801,80.4335,2595166
2016,Bahrain,2,35,9.4,22608.45256,79.5569,1409661
2016,Ethiopia,8,34,2.7,717.1248698,64.3919,105293228
2016,Latvia,0,34,12.8,14331.75159,74.7535,1973476
2016,Montenegro,0,34,11.3,7033.438006,76.7462,633264
2016,Armenia,4,33,11.7,3591.828052,74.6639,2865835
2016,Malaysia,5,32,10.2,9817.78709,75.2888,31526418
2016,Trinidad and Tobago,1,32,10.9,16241.41096,74.281,1469330
2016,Zimbabwe,0,31,8.2,1464.588957,60.3059,14452704
2016,Dominican Republic,1,29,7.8,7280.88361,72.9867,10527592
2016,Peru,0,29,9.2,6204.996457,75.789,31132779
2016,Bahamas,2,28,11.1,31314.84456,73.5368,395976
2016,Indonesia,3,28,8.0,3562.816334,69.7976,261850182
2016,Honduras,0,26,6.5,2342.584904,72.5878,9460798
2016,Angola,0,25,5.1,1728.023754,61.0923,29154746
2016,Singapore,1,25,11.5,56860.41324,83.0001,5711933
2016,Cameroon,0,24,6.3,1413.255957,60.2333,23711630
2016,Iraq,0,23,6.7,4550.658638,68.9878,38697943
2016,Moldova,0,23,11.6,2880.43529,69.9169,3225123
2016,Vietnam,2,23,8.1,2745.565588,73.9382,93126529
2016,Senegal,0,22,2.9,1269.903294,67.4969,14751356
2016,Guatemala,0,21,6.5,4173.301666,72.3547,16291004
2016,Uganda,0,21,5.7,736.5598474,61.6479,38748299
2016,Kyrgyzstan,0,19,10.9,1120.666513,70.2761,6018299
2016,Uruguay,0,17,8.7,16715.63347,77.5707,3413766
2016,Cyprus,0,16,12.1,24605.91992,81.0563,1197881
2016,Ghana,0,14,7.1,1971.956935,63.8902,29554303
2016,Philippines,1,13,9.3,3073.654686,71.3871,104875266
2016,United Arab Emirates,1,13,10.8,38141.87689,79.3347,8994263
2016,Barbados,0,12,10.6,16909.88655,76.8149,278649
2016,Bolivia,0,12,8.9,3076.656439,67.6277,11263015
2016,Botswana,0,12,9.3,6982.917492,65.4644,2352416
2016,Ivory Coast,2,12,5.1,2013.381448,58.0599,24213622
2016,Mauritius,0,12,9.3,9681.618567,75.0114,1293911
2016,Saudi Arabia,0,12,9.5,19878.76817,77.0643,33416270
2016,Bosnia and Herzegovina,0,11,9.7,4994.971623,76.8083,3480986
2016,Paraguay,0,11,8.4,5324.609068,73.5336,6266615
2016,Congo,0,10,6.3,2051.666176,63.5765,5186824
2016,Costa Rica,0,10,8.8,12011.22275,79.4592,4945205
2016,Haiti,0,10,5.2,1290.380508,63.3922,10713849
2016,Luxembourg,0,10,12.1,106899.2935,82.0535,583351
2016,Namibia,0,10,6.8,4546.986688,61.6825,2323352
2016,Panama,0,10,10.0,14343.98026,77.6529,4026336
2016,Seychelles,0,10,9.5,15740.11063,73.6425,100508
2016,Antigua and Barbuda,0,9,9.2,15198.74297,78.1516,90564
2016,Burundi,1,9,3.0,251.6514772,60.7931,10903327
2016,Lebanon,0,9,8.6,7617.689634,79.5054,6258619
2016,Sri Lanka,0,9,10.9,3886.291502,75.3314,21425494
2016,Turkmenistan,0,9,9.8,6387.682575,68.7774,5868561
2016,El Salvador,0,8,6.9,3805.995686,72.0248,6250510
2016,Iceland,0,8,12.4,61987.92636,82.03,335675
2016,Jordan,1,8,10.4,4175.356602,75.2153,9964656
2016,Lesotho,0,8,6.3,1018.784872,52.2641,2143872
2016,Papua New Guinea,0,8,4.6,2509.629637,64.8399,8899169
2016,Rwanda,0,8,4.1,744.7943858,65.7373,11930899
2016,Samoa,0,8,10.3,4109.663296,72.5397,205544
2016,Bangladesh,0,7,5.2,1678.95323,71.09,159784568
2016,Djibouti,0,7,4.1,2803.689125,62.1908,1023261
2016,Grenada,1,7,8.7,9628.259169,74.7622,119966
2016,Libya,0,7,7.3,7687.882134,71.756,6282196
2016,Malta,0,7,11.3,25624.53727,83.1107,467705
2016,Myanmar,0,7,4.9,1136.610627,65.685,51892349
2016,Nepal,0,7,4.9,899.523581,68.7758,27861186
2016,Pakistan,0,7,5.2,1540.184503,65.8797,213524840
2016,Syria,0,7,5.1,713.029204,65.9933,18964252
2016,Tajikistan,1,7,10.5,807.1025861,69.5493,8725318
2016,Tanzania,0,7,5.8,966.5029907,65.3862,54401802
2016,Tonga,0,7,11.2,4157.877249,70.661,105707
2016,Zambia,0,7,7.0,1280.806543,61.7937,16767761
2016,Afghanistan,0,6,3.6,512.0127781,63.1361,34636207
2016,Albania,0,6,10.0,4124.05539,78.8602,2881063
2016,Benin,0,6,3.6,1087.287331,59.5394,11260085
2016,Cambodia,0,6,4.7,1269.591499,70.2244,15624584
2016,Central African Republic,0,6,4.3,402.1916451,53.4601,4904177
2016,Gabon,0,6,8.2,6984.419712,65.8025,2086206
2016,Guyana,0,6,8.4,5811.397924,68.384,759087
2016,North Macedonia,0,6,9.6,5149.589074,76.0296,2110196
2016,Madagascar,0,6,6.1,475.9555568,64.9969,25501941
2016,Mali,0,6,2.3,780.7235497,58.7313,18700106
2016,Mozambique,0,6,3.5,428.9264503,59.038,27696493
2016,Niger,1,6,1.9,500.2149113,61.6288,20921743
2016,Sudan,0,6,3.6,2583.447266,64.7801,39377169
2016,Suriname,0,6,8.5,5872.789429,71.5924,581453
2016,Andorra,0,5,10.2,37474.74584,82.9671,72540
2016,Burkina Faso,0,5,1.5,688.2506963,59.3262,19275498
2016,Guinea,0,5,2.6,732.2915119,58.7625,11930985
2016,Guinea-Bissau,0,5,3.0,661.4578387,59.6739,1834552
2016,Malawi,0,5,4.5,315.7779871,62.2093,17405624
2016,Marshall Islands,0,5,10.8,3490.998389,64.0569,48329
2016,Nicaragua,0,5,6.7,2107.57406,73.2562,6389235
2016,Palau,0,5,12.3,16835.986,63.8521,17816
2016,Saint Lucia,0,5,8.9,10362.35158,73.1116,176413
2016,Togo,0,5,4.8,803.1518934,59.5501,7661354
2016,Comoros,0,4,4.8,1273.050952,63.2368,746232
2016,Democratic Republic of the Congo,0,4,6.6,471.3188225,59.0664,81430977
2016,Maldives,0,4,6.3,9209.443564,79.872,454252
2016,Oman,0,4,9.5,16772.73921,77.9158,4398070
2016,Sierra Leone,0,4,3.4,501.4151655,58.4045,7493913
2016,Vanuatu,0,4,6.8,2805.66532,69.6496,283218
2016,Belize,0,3,10.5,4877.670506,73.3988,367313
2016,Liechtenstein,0,3,12.5,165642.3863,82.3932,37609
2016,Solomon Islands,0,3,5.4,2225.475204,69.8007,628102
2016,Timor-Leste,0,3,4.5,1353.754934,67.4461,1224562
2016,Bhutan,0,2,3.1,2930.574923,70.6022,749761
2016,Chad,0,2,2.3,693.4497674,52.0834,14592585
2016,Dominica,0,2,7.8,8080.968623,70.1284,70075
2016,Equatorial Guinea,0,2,5.5,9250.316728,60.4786,1398927
2016,Liberia,0,2,4.5,740.914906,60.4162,4706097
2016,Mauritania,0,2,4.4,1536.855615,64.7679,4051890
2016,Eswatini,0,2,6.5,3425.531957,56.6591,1142524
